"keys","zh_TW","en"
"NAV_BACK","← 返回","← Back"
"NAV_MAIN_MENU","返回主選單","Main Menu"
"NAV_LEVEL_SELECT","選擇關卡","Level Select"
"NAV_BESTIARY","圖鑑 (怪物 / 塔 / 魔法)","Compendium (Monsters / Towers / Spells)"
"NAV_SETTINGS","設定","Settings"
"COMMON_LEVEL_N","第 {n} 關","Level {n}"
"COMMON_SPELLS","魔法","Spells"
"COMMON_TOWERS","守城武器","Defenses"
"MENU_TITLE","塔 防 要 塞","TOWER FORTRESS"
"MENU_SUBTITLE","Tower Fortress","Defend the Last Bastion"
"MENU_PLAY","開始遊戲  (第 {n} 關)","Play  (Level {n})"
"MENU_SHOP","商店  (解鎖塔 / 魔法)","Shop  (Towers / Spells)"
"MENU_UPGRADE","升級介面","Upgrades"
"MENU_QUICKBAR","快捷列  (戰鬥底欄擺邊六座塔)","Quick Bar  (Your six battle slots)"
"QUICKBAR_TITLE","快捷列設定","Quick Bar"
"QUICKBAR_HINT","撳一個槽,再撳一座塔就放入去。撳兩個槽 = 對調。再撳同一座塔 = 清空。","Tap a slot then a tower to assign it. Tap two slots to swap them. Tap the same tower again to clear."
"MENU_GALLERY","美術畫廊 (Debug)","Art Gallery (Debug)"
"TOAST_CURSE_REFUND","詛咒塔已重造,已退還 {n} 魔晶","Curse Tower reforged — {n} Crystals refunded"
"TOAST_NEED_CRYSTALS","魔晶不足!還差 {n}","Not enough Crystals — {n} short"
"LEVELSEL_CLEARED","★ 已通關","★ Cleared"
"LEVELSEL_AVAILABLE","可挑戰","Available"
"LEVELSEL_LOCKED","未解鎖","Locked"
"LEVELSEL_REPLAY_HALF","重玩魔晶減半","Replay pays half"
"LEVELSEL_DANGER","危險","Danger"
"WALL_HINT_7","佢哋一路行一路回血,仲會互相治療 —— 打得快過佢哋回血先清得走","They regenerate as they walk and heal each other — out-damage the healing or they never go down"
"WALL_HINT_13","殺死咗會返生,打散咗會分裂 —— 逐隻逐隻打,追唔到佢哋嘅數量","The dead get back up and the big ones split — killing them one at a time will never keep up"
"WALL_HINT_18","佢哋一樣會分裂,但今次每一隻都有護甲同魔抗 —— 範圍傷害仲要打得穿佢哋先有用","They still split, but now every body has armour and resistance — your splash has to punch through as well"
"SHOP_TITLE","商店","Shop"
"SHOP_OWNED","已擁有","Owned"
"SHOP_STARTER","初始解鎖","Starter"
"SHOP_UNLOCK","解鎖","Unlock"
"SHOP_LEARN","學習","Learn"
"RESULT_TITLE","關卡完成!","Level Complete!"
"RESULT_KILLS","擊殺數","Kills"
"RESULT_CLEAR_REWARD","通關獎勵","Clear Reward"
"RESULT_FIRST_CLEAR","首次通關獎勵","First Clear Bonus"
"RESULT_TOTAL","合計","Total"
"RESULT_REPLAY_NOTE","(重玩關卡,魔晶獎勵減半)","(Replay — Crystal reward halved)"
"RESULT_NEXT","下一關 ({n})","Next Level ({n})"
"RESULT_REPLAY","重玩本關","Replay Level"
"FAIL_TITLE","防線失守!","Defenses Breached!"
"FAIL_SUB","有怪物攻入基地 — 第 {n} 關","Monsters reached the keep — Level {n}"
"FAIL_KILLS","擊殺數: {n}","Kills: {n}"
"FAIL_CRYSTALS_EARNED","獲得魔晶","Crystals Earned"
"FAIL_MSG_DEFAULT","擊敗 boss 可獲得更多!","Defeat the boss to earn more!"
"FAIL_MSG_TOO_SHORT","戰鬥太短,今次冇魔晶獎勵","Battle too short — no Crystals this time"
"FAIL_MSG_BOSS","已擊傷首領 {pct}% — 擊敗佢可獲得更多!","Boss worn down {pct}% — finish it for more!"
"FAIL_PROGRESS","戰鬥進度 {pct}% (失敗上限 {cap} 魔晶)","Progress {pct}% (defeat cap {cap} Crystals)"
"FAIL_RETRY","重試本關","Retry Level"
"SET_VOLUME","總音量","Master"
"SET_VOLUME_BGM","音樂","Music"
"SET_VOLUME_SFX","音效","Sound"
"SET_MUTE_ON","靜音: 開","Mute: On"
"SET_MUTE_OFF","靜音: 關","Mute: Off"
"SET_RESET","重置存檔","Reset Save"
"SET_RESET_CONFIRM","確定要重置? 再按一次","Confirm reset? Tap again"
"SET_RESET_DONE","已重置","Save reset"
"SET_STATS","最高通關: 第 {n} 關     魔晶: {c}","Best: Level {n}     Crystals: {c}"
"SET_LANGUAGE","語言 / Language","Language / 語言"
"GALLERY_TITLE","美術畫廊 — 辨識度審查","Art Gallery — Readability Audit"
"GALLERY_MONSTERS","怪物 (每族 Lv1-5 + Boss)","Monsters (Lv1-5 + Boss per clan)"
"GALLERY_TOWERS","守城武器 (20)","Defenses (20)"
"GALLERY_SPELLS","魔法 (15)","Spells (15)"
"BESTIARY_TITLE","圖鑑","Compendium"
"BESTIARY_UNKNOWN_FAM","？？？族","??? Clan"
"BESTIARY_UNKNOWN","？？？","？？？"
"BESTIARY_HINT","左右滑動或用 ‹ › 翻頁 · 於戰鬥中見過的怪物才會解鎖","Swipe or tap ‹ › to turn pages · Only creatures met in battle are revealed"
"BESTIARY_LOCKED_1","尚未在戰鬥中遇見","Not yet encountered in battle"
"BESTIARY_LOCKED_2","擊退牠即可解鎖圖鑑","Fight it to unlock this entry"
"BESTIARY_BOSS_DROP","擊敗獎勵:水晶","Crystals on defeat"
"BESTIARY_TRAIT","族群特性","Clan Trait"
"BESTIARY_BOSS_SKILL","首領技能","Boss Skill"
"STAT_HP","生命 HP","Health"
"STAT_SPEED","移動速度","Move Speed"
"STAT_ARMOR","護甲","Armor"
"STAT_MRES","魔法抗性","Magic Resist"
"STAT_GOLD_DROP","金幣掉落","Gold Drop"
"STAT_TYPE","類型","Type"
"TYPE_FLYING","飛行","Flying"
"TYPE_GROUND","地面","Ground"
"HUD_BOSS_COUNTDOWN","BOSS 倒數 {n} 秒","BOSS IN {n}s"
"HUD_BOSS_HERE","BOSS 出場!","BOSS INCOMING!"
"HUD_BOSS_NAME","{fam} BOSS","{fam} BOSS"
"HUD_HINT_BUILD","點擊空地建塔","Tap open ground to build"
"HUD_BUILD","建造","Build"
"HUD_MORE","更多","More"
"HUD_HINT_DRAWER","拖出去放塔,或者撳一下再撳地圖","Drag out to place, or tap then tap the map"
"HUD_SELL","賣塔","Sell"
"HUD_SELL_VALUE","賣塔 +{n}","Sell +{n}"
"HUD_PAUSED","暫停","Paused"
"HUD_RESUME","繼續遊戲","Resume"
"UPG_TAB_TOWER","塔","Towers"
"UPG_PERF","性能面板","Performance"
"UPG_DPS_LABEL","綜合輸出","Overall Output"
"UPG_DPS_VALUE","{v} DPS","{v} DPS"
"UPG_RATE_VALUE","{v} /秒","{v} /s"
"UPG_SEC_VALUE","{v} 秒","{v}s"
"UPG_GOLD_VALUE","{n} 金","{n} Gold"
"UPG_COST","造價","Build Cost"
"UPG_MECH","機制說明","How It Works"
"UPG_PATHS","升級方向","Upgrade Paths"
"UPG_LEVEL","等級 {lv}/{max}","Level {lv}/{max}"
"UPG_BUY","升級","Upgrade"
"UP_ATK","攻擊","Attack"
"UP_RATE","攻速","Fire Rate"
"UP_RANGE","射程","Range"
"UP_CRIT","暴擊率","Crit Chance"
"UP_CRITDMG","暴擊傷害","Crit Damage"
"UP_DOUBLE","雙重射擊","Double Shot"
"UP_SPLASH","爆炸範圍","Blast Radius"
"UP_ARMORPEN","破甲","Armor Pierce"
"UP_KNOCKCHANCE","擊退機率","Knockback Chance"
"UP_CHAIN","連鎖數","Chain Count"
"UP_FALLOFF","連鎖衰減降低","Less Chain Falloff"
"UP_STUNCHANCE","麻痺機率","Stun Chance"
"UP_BURN","燃燒傷害","Burn Damage"
"UP_BURNDUR","燃燒持續","Burn Duration"
"UP_DETONATE","爆燃機率","Detonate Chance"
"UP_SLOWAMT","減速幅度","Slow Power"
"UP_SLOWDUR","減速持續","Slow Duration"
"UP_FREEZE","冰凍機率","Freeze Chance"
"UP_PSTACK","每層毒傷 / 重傷","Damage per Stack / Mortal Wound"
"UP_PMAX","最大疊層","Max Stacks"
"UP_PBURST","毒爆範圍","Toxic Burst Radius"
"UP_EXECUTE","處決線","Execute Threshold"
"UP_PIERCE","貫穿","Pierce"
"UP_BASERATE","基礎攻速","Base Fire Rate"
"UP_HEATMAX","熱度上限","Max Heat"
"UP_HEATRATE","升溫速度","Heat Buildup"
"UP_SPREAD","散射機率","Spread Chance"
"UP_FRAG","彈片分裂","Shrapnel"
"UP_SCORCH","燒灼地面","Scorched Ground"
"UP_DPS","每秒傷害","Damage per Second"
"UP_RAMPMAX","增傷上限","Max Ramp Bonus"
"UP_RAMPRATE","增傷速度","Ramp Speed"
"UP_MELTARMOR","融甲蝕魔","Melt Armor & Ward"
"UP_DUAL","雙光束","Twin Beam"
"UP_AREA","範圍","Radius"
"UP_VULN","脆弱","Vulnerability"
"UP_PULSEDMG","脈衝傷害","Pulse Damage"
"UP_PULSERATE","脈衝頻率","Pulse Rate"
"UP_BOSSEFF","對boss有效率","Boss Effectiveness"
"UP_GOLDAMT","產金量","Gold per Tick"
"UP_GOLDRATE","產金頻率","Gold Rate"
"UP_KILLRANGE","擊殺加成範圍","Bonus Kill Radius"
"UP_KILLBONUS","範圍擊殺金%","Kill Gold Bonus"
"UP_CRITGOLD","暴擊產金","Gold Crit Chance"
"UP_STARTGOLD","開場獎勵金","Starting Gold"
"UP_SOLDIERDMG","士兵攻擊","Soldier Attack"
"UP_SOLDIERHP","士兵HP","Soldier HP"
"UP_SOLDIERCOUNT","同時兵數","Soldier Count"
"UP_RESPAWN","重生速度","Respawn Speed"
"UP_SOLDIERARMOR","士兵護甲","Soldier Armor"
"UP_RALLY","集結範圍","Rally Range"
"UP_FLYDIST","飛行距離","Flight Distance"
"UP_BOOMCOUNT","迴旋鏢數","Boomerang Count"
"UP_ADDSLOW","附帶減速","Added Slow"
"UP_RETURNMULT","回程增傷","Return Damage"
"UP_DAMAGE","傷害","Damage"
"UP_TRIGGERRATE","觸發頻率","Trigger Rate"
"UP_SEGLEN","覆蓋路段長度","Path Coverage"
"UP_BLEED","流血疊層","Bleed Stacks"
"UP_HEAVYMULT","對重型增傷","Bonus vs Heavy"
"UP_BOSSMULT","對boss增傷","Bonus vs Boss"
"UP_SALVO","齊射數量","Salvo Size"
"UP_CURSE","詛咒幅度","Curse Power"
"UP_AURARANGE","光環範圍","Aura Radius"
"UP_GOLDBONUS","掉金加成","Gold Bonus"
"UP_LINGER","詛咒殘留","Curse Lingering"
"UP_CURSESLOW","衰弱減速","Weakening Slow"
"UP_AURAHASTE","光環攻速加成","Aura Haste"
"UP_PURIFY","淨化","Purify"
"UP_KNOCKDIST","擊退距離","Knockback Distance"
"UP_KNOCKSLOW","擊退後減速","Post-Knock Slow"
"UP_HEAVYEFF","對重型有效率","Effect vs Heavy"
"UP_TPCHANCE","傳送機率","Warp Chance"
"UP_TPRATE","嘗試頻率","Attempt Rate"
"UP_TPDIST","傳送距離","Warp Distance"
"UP_TPSTUN","傳送後暈眩","Post-Warp Stun"
"UP_TPCAP","同一目標上限","Per-Target Limit"
"UP_CD","冷卻","Cooldown"
"UP_BOLTS","落雷數","Bolt Count"
"UP_DURATION","持續","Duration"
"UP_DURATION_ALT","時長","Duration"
"UP_SLOWAFTER","解凍後減速","Slow After Thaw"
"UP_POISONDPS","每秒毒傷","Poison per Second"
"UP_COUNT","數量","Count"
"UP_GOLDAMOUNT","金額","Gold Amount"
"UP_KILLGOLD","擊殺金%","Kill Gold %"
"UP_BOOST","加成幅度","Boost Power"
"UP_BLOCK","可抵擋數","Blocks Held"
"UP_REFLECT","結界反傷","Barrier Reflect"
"UP_PUSH","推距","Push Distance"
"UP_AFFECTCOUNT","影響數量","Targets Affected"
"UP_PCTDMG","%傷害","% Damage"
"UP_BOSSFLAT","對boss固定傷害","Flat Boss Damage"
"UP_LENGTH","長度","Length"
"TOWER_ARROW_NAME","箭塔","Arrow Tower"
"TOWER_ARROW_DESC","單體快速物理攻擊","Fast single-target physical shots"
"TOWER_ARROW_LORE","箭塔以穩定節奏鎖定射程圈內最近的單一敵人放箭,是可靠的基礎輸出。強化暴擊與雙重射擊後,單體爆發顯著提升。","The Arrow Tower looses shafts at a steady rhythm, always picking the nearest enemy inside its ring — dependable, unglamorous damage. Invest in crits and double shots and its single-target burst climbs sharply."
"TOWER_CANNON_NAME","加農砲台","Cannon Battery"
"TOWER_CANNON_DESC","拋物線範圍爆炸,攻速慢","Lobbed shells, slow but explosive"
"TOWER_CANNON_LORE","加農砲台拋射砲彈,落點造成範圍爆炸傷害,適合清理成群小怪。攻速較慢,講求預判落點;破甲與擊退進一步強化控場。","The Cannon Battery lobs shells that detonate where they land, shredding tight packs of small enemies. It reloads slowly, so placement and lead matter; armor pierce and knockback turn it into a control piece."
"TOWER_LIGHTNING_NAME","雷電塔","Thunder Spire"
"TOWER_LIGHTNING_DESC","連鎖閃電跳目標","Lightning that arcs between targets"
"TOWER_LIGHTNING_LORE","雷電塔射出閃電,在鄰近敵人之間連鎖跳躍,每跳一次傷害衰減。密集路段可同時削弱多個目標;提升連鎖數與降低衰減後覆蓋更廣。","The Thunder Spire throws a bolt that leaps from body to body, weakening with every hop. On a crowded stretch of road it grinds down several enemies at once; more chains and less falloff widen its reach."
"TOWER_FIREBALL_NAME","火球塔","Fireball Tower"
"TOWER_FIREBALL_DESC","直射加燃燒","Direct hit plus lingering burn"
"TOWER_FIREBALL_LORE","火球塔直射火焰,命中後附加持續燃燒傷害,對高血量目標尤其有效。燃燒可延長時間;爆燃機率觸發時瞬間引爆剩餘燃燒。","The Fireball Tower hurls flame straight ahead and leaves the target burning — brutal against anything with a deep health pool. Burns can be stretched longer, and a detonation roll blows the remaining burn all at once."
"TOWER_FROST_NAME","冰霜塔","Frost Tower"
"TOWER_FROST_DESC","攻擊附帶減速","Every hit chills and slows"
"TOWER_FROST_LORE","冰霜塔攻擊附帶減速,令敵人更久停留在火網內;命中有機率完全冰凍目標。減速幅度與冰凍率是它的控場核心。","Every frost shard slows what it touches, holding enemies inside your kill zone far longer; some hits freeze the target outright. Slow power and freeze chance are the heart of its control."
"TOWER_POISON_NAME","毒液塔","Venom Tower"
"TOWER_POISON_DESC","疊層毒,無視護甲,並使目標重傷","Stacking armor-ignoring poison that cripples healing"
"TOWER_POISON_LORE","毒液塔疊加毒層造成持續傷害,並無視敵人護甲;毒層越高傷害越猛。中毒的目標同時陷入重傷,所受的一切治療大幅降低 —— 這是對抗巫教族群療的正面解答。敵人死亡時毒素向周圍擴散,引發連環中毒。","The Venom Tower layers poison stacks that eat through health regardless of armor — the deeper the stack, the faster it kills. Anything poisoned is also crippled: every point of healing it receives is cut down, which is the direct answer to a Cultist mass heal. When a poisoned enemy dies the toxin bursts outward and infects its neighbours."
"TOWER_SNIPER_NAME","狙擊塔","Sniper Nest"
"TOWER_SNIPER_DESC","超遠程高傷,優先點名巫師與高血目標","Extreme range; picks off casters, then the toughest"
"TOWER_SNIPER_LORE","狙擊塔擁有全場最遠射程,並且優先狙擊後排的支援型單位 —— 巫師與大祭司在牠眼中永遠排第一,其次才是高血量目標。血量低於處決線可被即殺;貫穿讓子彈洞穿多個目標。","The Sniper Nest reaches further than anything else on the field and always looks for a support caster first — a Cultist or a High Priest outranks even the healthiest target. Anything below the execute threshold dies instantly, and pierce sends the round through the rank behind it."
"TOWER_GATLING_NAME","機槍塔","Gatling Tower"
"TOWER_GATLING_DESC","鎖同目標攻速遞增","Fire rate climbs while locked on"
"TOWER_GATLING_LORE","機槍塔持續鎖定同一目標時攻速不斷攀升,越打越快;切換目標會重置熱度。是對付單一厚血敵人的利器。","Hold the Gatling Tower on one target and its barrels spin ever faster — the longer it fires, the harder it hits. Switching targets dumps all that heat, so it excels against a single armored bruiser."
"TOWER_MORTAR_NAME","迫擊砲","Siege Mortar"
"TOWER_MORTAR_DESC","超遠程大範圍","Long-range saturation fire"
"TOWER_MORTAR_LORE","迫擊砲超遠程曲射,對落點大範圍轟炸,但有最小射程死角。彈片分裂可波及更多敵人;燒灼地面造成殘留傷害。","The Siege Mortar arcs shells across almost the whole map and saturates the impact zone — but it cannot hit anything standing too close. Shrapnel widens the spread; scorched ground keeps burning after the blast."
"TOWER_BEAM_NAME","光束塔","Beam Tower"
"TOWER_BEAM_DESC","持續光束,鎖定愈久愈痛","A sustained beam that keeps ramping"
"TOWER_BEAM_LORE","光束塔發射持續光束,鎖定同一目標越久傷害越高。融甲蝕魔同時削去目標的護甲與魔抗,讓全隊的物理與魔法輸出一起變利;雙光束可同時照射兩個目標。","The Beam Tower pours an unbroken lance of light into its target, and the damage climbs the longer it holds. Melt Armor & Ward strips protection AND magic resistance together, sharpening the whole team's physical and magical output at once; a twin beam splits the assault across two enemies."
"TOWER_SLOWFIELD_NAME","緩速力場塔","Slowing Field"
"TOWER_SLOWFIELD_DESC","無傷光環減速","A damage-free aura that slows"
"TOWER_SLOWFIELD_LORE","緩速力場塔本身不造成傷害,以光環大幅減速範圍內所有敵人;脆弱效果令其受到額外傷害。可強化為對 boss 同樣有效。","The Slowing Field deals no damage of its own; instead its aura drags every enemy inside it to a crawl and leaves them vulnerable to extra damage. Upgraded far enough, it bites into bosses just as hard."
"TOWER_ALCHEMY_NAME","鍊金塔","Alchemy Tower"
"TOWER_ALCHEMY_DESC","定期產出金幣","Mints gold on a timer"
"TOWER_ALCHEMY_LORE","鍊金塔不攻擊,定期自動產出金幣,是經濟核心。範圍內擊殺可獲得額外賞金,開場更提供一筆啟動資金。","The Alchemy Tower never fires a shot — it simply turns time into gold, and it is the backbone of your economy. Kills inside its circle pay a bounty, and it hands you a lump of starting capital the moment the wave begins."
"TOWER_BARRACKS_NAME","兵營塔","Barracks Tower"
"TOWER_BARRACKS_DESC","派士兵落路面堵路","Sends soldiers to block the road"
"TOWER_BARRACKS_LORE","兵營塔派出士兵駐守路面,以肉身阻擋敵人前進並近身纏鬥;士兵陣亡後定期重生。增兵與護甲讓防線更穩固。","The Barracks Tower posts soldiers on the road itself, stopping the advance with their bodies and tying enemies up in melee; the fallen are replaced on a timer. More bodies and heavier armor make the wall hold."
"TOWER_BOOMERANG_NAME","迴旋鏢塔","Boomerang Tower"
"TOWER_BOOMERANG_DESC","來回穿透打沿途所有怪","Pierces everything, coming and going"
"TOWER_BOOMERANG_LORE","迴旋鏢塔擲出迴旋鏢,去程與回程都會貫穿路徑上所有敵人。回程可附加額外傷害;多鏢齊發覆蓋更廣路段。","The Boomerang Tower throws a blade that cuts through every enemy on its way out and again on its way home. The return pass can be sharpened further, and extra blades blanket a longer stretch of road."
"TOWER_THORN_NAME","荊棘塔","Bramble Tower"
"TOWER_THORN_DESC","對鄰近路段持續傷害(飛行無效)","Constant damage to nearby road (not fliers)"
"TOWER_THORN_LORE","荊棘塔對鄰近路段持續造成傷害,但對飛行敵人無效;流血可疊加。對重型敵人有額外加成,是近戰路段的穩定消耗。","The Bramble Tower rips at anything walking the road beside it — but thorns cannot reach what flies. Bleed stacks pile up, and heavy enemies take extra punishment, making it a steady grinder on close-quarters lanes."
"TOWER_MISSILE_NAME","導彈塔","Missile Tower"
"TOWER_MISSILE_DESC","超遠程追蹤導彈,專剋 boss 同大型","Long-range homing missiles, boss killer"
"TOWER_MISSILE_LORE","導彈塔以超遠射程追蹤鎖定,對 boss 與大型單位造成額外傷害,並優先點名後排的支援型單位。齊射可同時發射多枚導彈;爆炸範圍能一次清掉聚在一起的敵人。","The Missile Tower tracks its target across the longest reach on the board, hits bosses and heavy units far harder than anything else, and prioritises back-rank support casters. A salvo puts several warheads in the air at once, and the blast clears anything bunched around the impact."
"TOWER_CURSE_NAME","詛咒塔","Curse Tower"
"TOWER_CURSE_DESC","常駐詛咒光環:圈內敵人受傷加深、死亡多掉金","Hex aura: more damage taken, more gold dropped"
"TOWER_CURSE_LORE","詛咒塔不攻擊,以常駐光環籠罩路段:圈內敵人(含 boss)受到的傷害大幅加深,走出光環後仍殘留片刻。被詛咒者陣亡時額外掉金,所以它同時是放大器與經濟塔 —— 但必須擺在已有輸出塔的位置。多座光環的放大不疊加(取最高)。","The Curse Tower never attacks. It drapes a standing hex over a stretch of road: everything inside it — bosses included — takes markedly more damage, and the mark lingers for a moment after they walk out. Cursed enemies drop extra gold when they die, so it is amplifier and economy in one — but only where damage towers already stand. Overlapping auras do not stack; the strongest one wins."
"TOWER_HOLY_NAME","聖光塔","Radiance Tower"
"TOWER_HOLY_DESC","全場攻速光環,兼具傷害與加持","A field-wide fire-rate aura, plus damage"
"TOWER_HOLY_LORE","聖光塔造成聖屬傷害,並以光環提升場上每一座友方塔的攻速 —— 沒有範圍限制,一座就照亮全場。聖光強度讓光環同時附帶攻擊力加成。多座聖光塔的光環會遞減疊加,所以第二座仍然有用,第五座則幾乎沒有。淨化可移除敵人增益。","The Radiance Tower burns with holy damage while its aura quickens every friendly tower on the board — no radius, no falloff, one tower lights the whole field. Radiant Might adds an attack bonus on top of the speed. Extra Radiance Towers stack with diminishing returns, so a second one is worth building and a fifth is not. Purify strips buffs off the enemy."
"TOWER_MAGNET_NAME","磁力塔","Magnet Tower"
"TOWER_MAGNET_DESC","週期脈衝擊退敵人","Pulses that shove enemies back"
"TOWER_MAGNET_LORE","磁力塔週期性釋放脈衝,將範圍內敵人擊退拉回,延緩其推進;擊退後附帶減速。對重型敵人亦有一定效果。","The Magnet Tower fires a pulse on a cycle, dragging everything in range backwards and stalling the advance; the shove leaves them slowed. Even heavy units feel some of the pull."
"TOWER_TELEPORT_NAME","傳送塔","Warp Tower"
"TOWER_TELEPORT_DESC","機率將敵人傳返後方","Chance to warp enemies backwards"
"TOWER_TELEPORT_LORE","傳送塔有機率將敵人傳送回後方路段,大幅拖延其行程;傳送後可附帶暈眩。對同一目標的傳送次數設有上限。","The Warp Tower may snatch an enemy and drop it back down the road, wiping out much of its progress; the arrival can leave it stunned. Any single target can only be sent back so many times."
"SPELL_METEOR_NAME","隕石術","Meteor Strike"
"SPELL_METEOR_DESC","指定位置大範圍傷害","Massive damage at a chosen point"
"SPELL_METEOR_LORE","在指定位置召喚隕石,對大範圍造成瞬間傷害,最適合砸向密集的敵群。","Calls a burning rock down on a spot you choose, flattening a wide circle in an instant — best dropped straight onto a packed crowd."
"SPELL_STORMBOLT_NAME","閃電風暴","Lightning Storm"
"SPELL_STORMBOLT_DESC","全場隨機落雷","Bolts strike at random across the field"
"SPELL_STORMBOLT_LORE","全場隨機落下多道閃電,每道造成單體傷害;落雷數越多,清場越快。","Bolts hammer down all over the map, each one striking a single enemy; the more bolts fall, the faster the field clears."
"SPELL_FREEZENOVA_NAME","冰凍新星","Frost Nova"
"SPELL_FREEZENOVA_DESC","全場怪冰凍","Freezes every enemy on the map"
"SPELL_FREEZENOVA_LORE","凍結全場敵人一段時間,解凍後仍殘留減速,是危急時的保命大招。","Locks every enemy in ice for a spell, and they stay sluggish after the thaw — the button you press when the line is about to break."
"SPELL_MIASMA_NAME","劇毒瘴氣","Toxic Miasma"
"SPELL_MIASMA_DESC","指定區域持續毒傷,並重創其回復","Lingering poison that shuts down healing"
"SPELL_MIASMA_LORE","在指定區域釋放毒瘴,持續對範圍內敵人造成每秒毒傷,同時大幅削弱他們所受的一切治療。丟在巫教族的隊伍上,群療就再也補不回來。","Releases a cloud of venom over the chosen ground, eating away at everything inside it and gutting any healing they receive. Dropped on a Cultist pack, the mass heal stops keeping up."
"SPELL_SUMMON_NAME","召喚民兵","Summon Militia"
"SPELL_SUMMON_DESC","路面召喚士兵堵路","Drops soldiers onto the road"
"SPELL_SUMMON_LORE","在路面召喚民兵堵路,以肉身拖住敵人推進的節奏。","Calls up militia in the middle of the road to buy you time with their bodies."
"SPELL_MIDAS_NAME","點金術","Midas Touch"
"SPELL_MIDAS_DESC","即得金幣","Instant gold"
"SPELL_MIDAS_LORE","立即獲得一筆金幣,持續期間擊殺敵人還可額外生財。","Hands you a purse of gold on the spot, and for a while afterwards every kill pays a little extra."
"SPELL_TIMEWARP_NAME","時間扭曲","Time Warp"
"SPELL_TIMEWARP_DESC","全場怪減速","Slows every enemy"
"SPELL_TIMEWARP_LORE","扭曲時間,令全場敵人大幅減速一段時間。","Bends time around the battlefield, dragging every enemy to a crawl for a while."
"SPELL_WARCRY_NAME","戰吼","War Cry"
"SPELL_WARCRY_DESC","全塔攻速提升","All towers fire faster"
"SPELL_WARCRY_LORE","鼓舞全軍,短時間內所有塔的攻速一同提升。","A roar down the line — for a short burst every tower you own fires noticeably faster."
"SPELL_BARRIER_NAME","守護結界","Aegis Barrier"
"SPELL_BARRIER_DESC","基地護盾抵擋入侵","Shields the keep from breaches"
"SPELL_BARRIER_LORE","為基地張開結界,可抵擋數次入侵,並附帶反傷。","Raises a ward over the keep that swallows a few breaches outright, and burns whatever runs into it."
"SPELL_TORNADO_NAME","龍捲風","Tornado"
"SPELL_TORNADO_DESC","沿路將敵人推返後方","Blows enemies back down the road"
"SPELL_TORNADO_LORE","沿路捲起龍捲風,將途經的敵人一併推回後方。","Tears a whirlwind along the road, hurling everything it passes back the way it came."
"SPELL_QUAKE_NAME","地震術","Earthquake"
"SPELL_QUAKE_DESC","全場地面怪%HP傷害","% max-HP damage to all ground enemies"
"SPELL_QUAKE_LORE","地震撼動全場,對地面敵人造成當前生命值百分比傷害,對 boss 造成固定重傷。","The ground heaves across the whole map, tearing a percentage of health from every enemy on foot and landing a heavy fixed blow on the boss."
"SPELL_FIREWALL_NAME","烈焰之牆","Wall of Flame"
"SPELL_FIREWALL_DESC","指定路段生成火牆","Sets a stretch of road ablaze"
"SPELL_FIREWALL_LORE","在指定路段生成火牆,對經過的敵人持續灼燒。","Raises a curtain of fire across the road; anything that walks through it keeps burning."
"SPELL_SMITE_NAME","天雷誅殺","Heaven's Wrath"
"SPELL_SMITE_DESC","點選單一目標巨大傷害,專誅支援","Colossal damage to one target, lethal to casters"
"SPELL_SMITE_LORE","對單一目標降下天雷造成巨大傷害,對 boss 有額外加成,而對支援型單位(巫師、大祭司)的傷害更是加倍有餘 —— 後排的治療者是它真正的獵物。","Calls down a pillar of judgement on one chosen enemy — devastating on anything, deeper still into a boss, and outright lethal to a support caster. The healer at the back is what this spell is really for."
"SPELL_EMP_NAME","磁暴脈衝","EMP Surge"
"SPELL_EMP_DESC","指定範圍暈眩,並關閉光環","Stuns an area and silences auras"
"SPELL_EMP_LORE","在指定範圍釋放磁暴,暈眩其中所有敵人。暈眩期間敵人的光環類技能 —— 治療與加速 —— 完全失效,所以這是把巫教族的支援網一次拔掉的開關。","Detonates a magnetic storm over the target zone, leaving everything inside it stunned. A stunned enemy's auras — healing and haste alike — stop working entirely, so this is the switch that takes a Cultist support web offline all at once."
"SPELL_BLACKHOLE_NAME","黑洞","Black Hole"
"SPELL_BLACKHOLE_DESC","指定位置吸住敵人","Pins enemies at a chosen point"
"SPELL_BLACKHOLE_LORE","在指定位置製造黑洞,吸住並持續傷害範圍內的敵人。","Tears open a singularity that holds enemies in place and grinds them down while it lasts."
"FAM_GOBLIN_NAME","哥布林族","Goblins"
"FAM_GOBLIN_MECH","普通雜兵,無特殊能力,慣以數量取勝。","Rank-and-file rabble with no special tricks — they win by sheer numbers."
"FAM_GOBLIN_BOSS","首領技:定期召喚小哥布林增援。","Boss skill: summons goblin reinforcements at regular intervals."
"FAM_WOLF_NAME","妖狼族","Dire Wolves"
"FAM_WOLF_MECH","移動極快的野獸,血量偏低但難以攔截。","Fast-moving beasts — thin-skinned, but very hard to pin down."
"FAM_WOLF_BOSS","暴怒:受擊後短暫狂暴,移速大增。","Frenzy: after taking a hit it goes berserk and its speed spikes."
"FAM_SKELETON_NAME","骷髏族","Skeletons"
"FAM_SKELETON_MECH","陣亡後有機會原地復活一次;略帶魔抗。","May claw its way back up once after falling; carries some magic resistance."
"FAM_SKELETON_BOSS","亡靈光環:周圍骷髏最多可復活兩次,第二次只回復一半生命。","Undead Aura: nearby skeletons rise up to twice, the second time at half health."
"FAM_GOLEM_NAME","石魔族","Stone Golems"
"FAM_GOLEM_MECH","高護甲重甲兵,大幅減免物理傷害,移動緩慢。","Heavily armored and slow, shrugging off most physical damage."
"FAM_GOLEM_BOSS","石化:定期進入短暫無敵狀態。","Petrify: periodically turns to solid stone and becomes untouchable."
"FAM_GHOST_NAME","幽靈族","Wraiths"
"FAM_GHOST_MECH","週期虛化,虛化期間無法被鎖定;高魔抗。","Phases out on a cycle and cannot be targeted while it does; high magic resistance."
"FAM_GHOST_BOSS","疾影:虛化時移動速度更快。","Swiftshade: moves far faster while phased."
"FAM_BAT_NAME","蝠魔族","Batfiends"
"FAM_BAT_MECH","飛行單位,無視地面陷阱與近戰堵路。","Airborne — ignores ground hazards and anything blocking the road."
"FAM_BAT_BOSS","俯衝:定期加速突進。","Dive: periodically accelerates into a sudden lunge."
"FAM_TREANT_NAME","樹妖族","Treants"
"FAM_TREANT_MECH","持續自我回復生命,消耗戰極為棘手。","Regenerates constantly — a nightmare in a war of attrition."
"FAM_TREANT_BOSS","扎根:低血時定身詠唱回復,詠唱期間受到的傷害會抵銷回復量,暈眩可直接打斷。","Take Root: at low health it roots and channels a heal — damage dealt during the cast cancels it point for point, and a stun breaks it outright."
"FAM_BEETLE_NAME","甲蟲族","Beetles"
"FAM_BEETLE_MECH","硬殼:單次所受傷害有上限,懼怕持續傷害。","Hard Shell: caps the damage of any single hit — but it fears damage over time."
"FAM_BEETLE_BOSS","堅甲反震:受到的傷害整體降低。","Ironshell: reduces all incoming damage."
"FAM_CULTIST_NAME","巫教族","Cultists"
"FAM_CULTIST_MECH","光環:持續治療並加速周圍同伴。","Aura: continuously heals and hastens everything around it."
"FAM_CULTIST_BOSS","群療:定期治療全場敵人。","Mass Heal: periodically heals every enemy on the field."
"FAM_SLIME_NAME","史萊姆族","Slimes"
"FAM_SLIME_MECH","陣亡時分裂成兩隻較小的史萊姆。","Splits into two smaller slimes when killed."
"FAM_SLIME_BOSS","增殖:定期分裂出小史萊姆。","Proliferate: keeps spawning smaller slimes on a timer."
"UP_AURAPOWER","聖光強度","Radiant Might"
"BESTIARY_COUNTER","剋制","Counter"
"FAM_CULTIST_COUNTER","巫教族靠治療與加速光環續命。以毒液塔的重傷或劇毒瘴氣削弱其回復,或以磁暴脈衝在暈眩期間直接關閉光環。狙擊塔與導彈塔會優先點名後排的巫師。","Cultists live on their healing and haste auras. Cut the healing with the Venom Tower's Mortal Wound or with Toxic Miasma, or switch the auras off outright by stunning them with an EMP Surge. Sniper Nests and Missile Towers pick the back-rank casters first."
"MIG_HOLY_REFUND","聖光塔已改為全場光環,「光環範圍」升級軸取消。已投入的魔晶 {n} 全數退回。","The Radiance Tower's aura is now field-wide, so the Aura Radius path no longer exists. All {n} crystals spent on it have been refunded."
"EVO_SECTION","進化","Evolution"
"EVO_NEXT_TIER","下一階","Next Tier"
"EVO_TIER_LABEL","第 {n} 階","Tier {n}"
"EVO_BUTTON","進化","Evolve"
"EVO_COST","進化費用","Evolution Cost"
"EVO_REQ_HINT","六條升級軸全部課滿 {max} 級才能進化(目前 {done}/{total})","All upgrade paths must reach level {max} first ({done}/{total} done)"
"EVO_REQ_HINT_SPELL","三條升級軸全部課滿 {max} 級才能進化(目前 {done}/{total})","All upgrade paths must reach level {max} first ({done}/{total} done)"
"EVO_READY_HINT","全部升級軸已滿。進化後基礎能力大幅躍升,並解鎖一個全新機制,升級軸重新開放。","Every path is maxed. Evolving lifts the base numbers far past this tier and unlocks a new mechanic; the upgrade paths reopen from zero."
"EVO_MAXED","已達最高階","Fully evolved"
"EVO_NEW_MECH","新機制","New mechanic"
"TOAST_EVO_NEED","魔晶不足!還差 {n}","Not enough crystals — {n} short"
"TOAST_EVO_LOCKED","升級軸未課滿,未能進化","Max every upgrade path first"
"TOAST_EVO_DONE","進化完成:{name}","Evolved: {name}"
"TOWER_ARROW_T2_NAME","鷹眼塔","Hawkeye Bastion"
"TOWER_ARROW_T2_MECH","雙重射擊變三連;對同一目標連續命中會層層疊加傷害,換目標則歸零。","The double shot becomes a triple, and every consecutive hit on the same target stacks bonus damage — switching targets resets it."
"TOWER_ARROW_T3_NAME","神射殿","Sagittarian Sanctum"
"TOWER_ARROW_T3_MECH","每第五支箭必定暴擊,並貫穿沿途所有敵人。","Every fifth arrow always crits and punches through everything in its line."
"TOWER_CANNON_T2_NAME","雙管砲塔","Twin Bombard"
"TOWER_CANNON_T2_MECH","每發砲彈在落點爆炸兩次,第二次範圍更大。","Every shell detonates twice on impact, the second blast wider than the first."
"TOWER_CANNON_T3_NAME","攻城巨砲","Siege Colossus"
"TOWER_CANNON_T3_MECH","破城彈:爆炸範圍內的敵人永久失去護甲,可疊加。","Breaching shot: everything caught in the blast permanently loses armor, and it stacks."
"TOWER_LIGHTNING_T2_NAME","雷霆之柱","Storm Pillar"
"TOWER_LIGHTNING_T2_MECH","被閃電擊中的敵人成為導體,下一次連鎖必定經過牠並額外增傷。","A struck enemy becomes a conductor: the next chain is guaranteed to route through it and hits harder for doing so."
"TOWER_LIGHTNING_T3_NAME","天罰穹頂","Empyrean Dome"
"TOWER_LIGHTNING_T3_MECH","連鎖結束後在最後一個目標頭頂再降一道落雷,範圍傷害兼麻痺。","When the chain ends, a bolt falls on the last link — area damage and a guaranteed stun."
"TOWER_FIREBALL_T2_NAME","煉獄塔","Infernal Tower"
"TOWER_FIREBALL_T2_MECH","燃燒中的敵人死亡時原地留下一灘餘燼,持續灼燒。","An enemy that dies while burning leaves a pool of embers behind it."
"TOWER_FIREBALL_T3_NAME","炎魔祭壇","Pyre of the Efreet"
"TOWER_FIREBALL_T3_MECH","引爆成功時,爆炸把燃燒狀態傳染給範圍內所有敵人。","A successful detonation spreads the burn to everything inside the blast."
"TOWER_FROST_T2_NAME","極寒塔","Glacial Spire"
"TOWER_FROST_T2_MECH","被減速的敵人累積凍傷層,凍結成立時一次過引爆為真實傷害。","Slowed enemies accumulate frostbite, and a freeze detonates every stack at once as true damage."
"TOWER_FROST_T3_NAME","永冬王座","Throne of Everwinter"
"TOWER_FROST_T3_MECH","射程內的地面永久結冰,經過的敵人自帶額外減速。","The ground inside its range freezes over for good — anything that walks it is slowed on top of everything else."
"TOWER_POISON_T2_NAME","瘟疫塔","Plague Spire"
"TOWER_POISON_T2_MECH","毒層滿的敵人死亡時,把整疊毒層傳染給附近的敵人。","When an enemy dies at full stacks, the whole stack jumps to the nearest bodies."
"TOWER_POISON_T3_NAME","腐化聖殿","Sanctum of Rot"
"TOWER_POISON_T3_MECH","毒素崩解:每滿一定毒層,目標的生命上限永久下降。","Rot: every full load of stacks permanently eats into the target's maximum health."
"TOWER_SNIPER_T2_NAME","鷹巢哨站","Eagle Roost"
"TOWER_SNIPER_T2_MECH","每次命中留下致命標記,標記越多下一發越痛,擊殺時清空。","Each hit leaves a killing mark; the more marks, the harder the next shot lands. A kill wipes them."
"TOWER_SNIPER_T3_NAME","天罰狙擊台","Judgement Perch"
"TOWER_SNIPER_T3_MECH","處決線大幅提高,而且處決成功後下一發必定暴擊。","The execute threshold climbs sharply, and a successful execute guarantees a crit on the next shot."
"TOWER_GATLING_T2_NAME","旋風機炮","Cyclone Repeater"
"TOWER_GATLING_T2_MECH","熱度滿的瞬間釋放一圈環形彈幕,然後熱度減半繼續。","The instant heat maxes out it sprays a ring of fire, then halves the heat and keeps going."
"TOWER_GATLING_T3_NAME","風暴壁壘","Storm Bastion"
"TOWER_GATLING_T3_MECH","換目標不再清空熱度,只減半;熱度同時提升散射機率。","Switching targets no longer dumps the heat, only halves it — and heat now drives the spread chance too."
"TOWER_MORTAR_T2_NAME","重砲陣地","Heavy Battery"
"TOWER_MORTAR_T2_MECH","每次開火發射兩發彈道錯開的砲彈,覆蓋一整條線。","Each shot puts two shells in the air on offset arcs, covering a whole line."
"TOWER_MORTAR_T3_NAME","軌道砲台","Orbital Bastion"
"TOWER_MORTAR_T3_MECH","校射:連續轟同一片區域會層層提升範圍與傷害,換區則歸零。","Ranging: pounding the same patch stacks up both blast size and damage; move the impact and it resets."
"TOWER_BEAM_T2_NAME","稜鏡塔","Prism Tower"
"TOWER_BEAM_T2_MECH","光束擊中後折射到附近另一個敵人身上。","The beam refracts off its target onto whatever stands nearest."
"TOWER_BEAM_T3_NAME","恆星核心","Stellar Core"
"TOWER_BEAM_T3_MECH","蓄能滿後進入爆發模式,短時間內傷害倍增,然後重新蓄能。","Once fully charged it overloads: damage multiplies for a few seconds, then the charge starts again."
"TOWER_SLOWFIELD_T2_NAME","重力井","Gravity Well"
"TOWER_SLOWFIELD_T2_MECH","場內敵人被持續拉向中心,飛行單位同樣受制。","Everything inside is dragged back toward the centre — flyers included."
"TOWER_SLOWFIELD_T3_NAME","時滯領域","Chronal Domain"
"TOWER_SLOWFIELD_T3_MECH","每隔一段時間,場內所有敵人完全定身一瞬。","At intervals the whole field simply stops for a moment."
"TOWER_ALCHEMY_T2_NAME","鑄金坊","Gilded Foundry"
"TOWER_ALCHEMY_T2_MECH","場上每多一座鍊金系塔,產金效率就提升(遞減疊加)。","Every other alchemy tower on the board raises this one's output, with diminishing returns."
"TOWER_ALCHEMY_T3_NAME","賢者之塔","Philosopher's Spire"
"TOWER_ALCHEMY_T3_MECH","射程內的敵人死亡時有機會直接煉成一筆額外橫財。","An enemy dying in range may be transmuted outright into a windfall."
"TOWER_BARRACKS_T2_NAME","要塞營地","Garrison Keep"
"TOWER_BARRACKS_T2_MECH","陣型:士兵互相靠近時同時獲得額外護甲與傷害。","Formation: soldiers standing together gain armor and damage from each other."
"TOWER_BARRACKS_T3_NAME","聖殿騎士團","Templar Order"
"TOWER_BARRACKS_T3_MECH","不屈:士兵陣亡時原地爆發,造成範圍傷害並擊退。","Undying: a fallen soldier detonates where it stood, damaging and throwing back everything around it."
"TOWER_BOOMERANG_T2_NAME","雙刃塔","Twinblade Tower"
"TOWER_BOOMERANG_T2_MECH","同時擲出兩把成夾角的迴旋鏢,交叉點的敵人吃兩次。","Throws two blades on crossing arcs — anything at the intersection takes both."
"TOWER_BOOMERANG_T3_NAME","風暴之輪","Tempest Wheel"
"TOWER_BOOMERANG_T3_MECH","迴旋鏢回程後有機會立即再擲出,不消耗攻速。","A returning blade may be flung straight back out at no cost to the fire rate."
"TOWER_THORN_T2_NAME","食人花巢","Carnivore Nest"
"TOWER_THORN_T2_MECH","纏繞:每次觸發把範圍內最前的敵人短暫定身。","Ensnare: every trigger roots whichever enemy is furthest along the road."
"TOWER_THORN_T3_NAME","世界樹根","Worldroot"
"TOWER_THORN_T3_MECH","根系沿著道路蔓延,覆蓋範圍不再是一個圓而是一整段路。","The roots run along the road itself — the reach stops being a circle and becomes a stretch of path."
"TOWER_MISSILE_T2_NAME","多管火箭","Rocket Array"
"TOWER_MISSILE_T2_MECH","追蹤鎖定:對同一目標連續命中,該目標受到的導彈傷害層層提升。","Lock-on: consecutive hits make the same target take more and more missile damage."
"TOWER_MISSILE_T3_NAME","末日發射井","Doomsday Silo"
"TOWER_MISSILE_T3_MECH","每隔數次齊射改射一枚巨型彈頭,傷害與範圍暴增並必定擊退。","Every few salvos becomes one enormous warhead: far more damage, far wider blast, guaranteed knockback."
"TOWER_CURSE_T2_NAME","夢魘之環","Nightmare Ring"
"TOWER_CURSE_T2_MECH","恐懼:光環內的敵人會定期被嚇退一小段路。","Dread: enemies inside the ring are periodically driven back down the road."
"TOWER_CURSE_T3_NAME","虛空祭壇","Voidspire"
"TOWER_CURSE_T3_MECH","獻祭:光環內的死亡累積虛空能量,滿了就對全場引爆真實傷害。","Sacrifice: kills inside the aura charge the void, and a full charge detonates as true damage across the whole field."
"TOWER_HOLY_T2_NAME","黎明聖壇","Dawn Sanctum"
"TOWER_HOLY_T2_MECH","全場光環額外附帶暴擊率;本塔對支援型敵人造成額外傷害.","The field-wide aura also grants crit chance, and this tower hits support casters harder."
"TOWER_HOLY_T3_NAME","神諭光柱","Oracle Beacon"
"TOWER_HOLY_T3_MECH","復甦之光:定期為全場補回一名陣亡士兵,並清除敵人的加速狀態。","Rekindling: on a timer it restores a fallen soldier anywhere on the field and strips haste off every enemy."
"TOWER_MAGNET_T2_NAME","斥力核心","Repulsor Core"
"TOWER_MAGNET_T2_MECH","磁軌:被推撞的敵人互相碰撞,擠得越密傷害越高。","Railslam: shoved enemies collide with each other — the tighter the crowd, the more it hurts."
"TOWER_MAGNET_T3_NAME","極性風暴","Polar Storm"
"TOWER_MAGNET_T3_MECH","極性反轉:每隔幾次脈衝改為吸引,把敵人拉成一團。","Polarity flip: every few pulses it pulls instead of pushes, packing the enemy into one heap."
"TOWER_TELEPORT_T2_NAME","空間裂隙","Rift Gate"
"TOWER_TELEPORT_T2_MECH","回溯:傳送成功時清除目標身上的所有增益。","Rewind: a successful warp strips every buff off the target."
"TOWER_TELEPORT_T3_NAME","時空樞紐","Nexus of Aeons"
"TOWER_TELEPORT_T3_MECH","放逐:有機會把非 boss 敵人直接送回起點,次數有上限。","Banish: a chance to send a non-boss enemy all the way back to the start, up to a limit."
"SPELL_METEOR_T2_NAME","隕石風暴","Meteor Storm"
"SPELL_METEOR_T2_MECH","主隕石之後跟著三顆小隕石落下。","Three smaller rocks follow the main impact down."
"SPELL_METEOR_T3_NAME","天隕滅世","Cataclysm"
"SPELL_METEOR_T3_MECH","著彈點留下一片熔岩地帶,持續灼燒經過的一切。","The impact leaves a lava field burning everything that crosses it."
"SPELL_STORMBOLT_T2_NAME","雷神之怒","Wrath of Thunder"
"SPELL_STORMBOLT_T2_MECH","每一道閃電在落點小範圍濺射。","Every bolt splashes over a small area where it lands."
"SPELL_STORMBOLT_T3_NAME","萬雷天罰","Skyfall Judgement"
"SPELL_STORMBOLT_T3_MECH","被雷擊中的敵人在數秒內承受的所有傷害都被放大。","Anything struck takes amplified damage from every source for several seconds."
"SPELL_FREEZENOVA_T2_NAME","絕對零度","Absolute Zero"
"SPELL_FREEZENOVA_T2_MECH","凍結期間的敵人承受的傷害大幅提高。","Frozen enemies take substantially more damage."
"SPELL_FREEZENOVA_T3_NAME","永凍紀元","Age of Ice"
"SPELL_FREEZENOVA_T3_MECH","解凍後留下一片冰原,繼續拖慢走過的敵人。","The thaw leaves an ice field that keeps slowing whatever walks it."
"SPELL_MIASMA_T2_NAME","腐蝕之霧","Corrosive Fog"
"SPELL_MIASMA_T2_MECH","霧中的敵人護甲被持續腐蝕。","Armor corrodes away on anything standing in the fog."
"SPELL_MIASMA_T3_NAME","瘟疫爆發","Pandemic"
"SPELL_MIASMA_T3_MECH","在霧中死亡的敵人會再生出一團小型毒雲。","An enemy that dies inside the cloud seeds a smaller one where it fell."
"SPELL_SUMMON_T2_NAME","召喚聖騎","Summon Paladins"
"SPELL_SUMMON_T2_MECH","召喚出來的單位帶著護盾,可擋下第一次致命傷。","The summoned come shielded and survive the first killing blow."
"SPELL_SUMMON_T3_NAME","英靈殿軍","Einherjar Host"
"SPELL_SUMMON_T3_MECH","陣亡時爆炸,並把剩餘時間分給其餘同袍。","One that falls explodes, and hands its remaining time to the others."
"SPELL_MIDAS_T2_NAME","黃金洪流","Golden Tide"
"SPELL_MIDAS_T2_MECH","除了即時金幣,一段時間內所有擊殺額外掉金。","On top of the lump sum, every kill for a while pays extra."
"SPELL_MIDAS_T3_NAME","邁達斯權柄","Midas Dominion"
"SPELL_MIDAS_T3_MECH","效果期間敵人每被打中一次就掉一點金。","While it holds, enemies shed gold every time they are hit."
"SPELL_TIMEWARP_T2_NAME","時之枷鎖","Chrono Shackles"
"SPELL_TIMEWARP_T2_MECH","減速期間敵人的技能節奏一併被拖慢,boss 也不例外。","Enemy ability timers drag as well as their feet — bosses included."
"SPELL_TIMEWARP_T3_NAME","時光倒流","Rewind"
"SPELL_TIMEWARP_T3_MECH","施放瞬間,全場敵人退回數秒前的位置。","On cast, every enemy snaps back to where it stood seconds ago."
"SPELL_WARCRY_T2_NAME","軍團號令","Legion Command"
"SPELL_WARCRY_T2_MECH","除了攻速,全場塔同時獲得攻擊力加成。","Attack power rises alongside the fire rate, on every tower."
"SPELL_WARCRY_T3_NAME","戰神降臨","Avatar of War"
"SPELL_WARCRY_T3_MECH","期間所有塔的攻擊附帶真實傷害濺射。","While it lasts every tower's shots splash true damage."
"SPELL_BARRIER_T2_NAME","聖域屏障","Sanctuary Ward"
"SPELL_BARRIER_T2_MECH","結界存在期間,基地附近的敵人持續受到傷害。","While the ward stands, anything near the keep is burned down."
"SPELL_BARRIER_T3_NAME","不滅堡壘","Immortal Bulwark"
"SPELL_BARRIER_T3_MECH","每擋下一名敵人就回復一層結界,直到上限。","Every enemy it blocks gives a charge back, up to a ceiling."
"SPELL_TORNADO_T2_NAME","颶風之眼","Eye of the Storm"
"SPELL_TORNADO_T2_MECH","龍捲風原地停留數秒,持續推回進入的敵人。","The funnel stays put for a few seconds, shoving back anything that enters."
"SPELL_TORNADO_T3_NAME","天災風暴","Cataclysmic Gale"
"SPELL_TORNADO_T3_MECH","被吹飛的敵人落地時承受一筆按生命上限計算的真實傷害。","Whatever it throws takes true damage scaled to its own maximum health on landing."
"SPELL_QUAKE_T2_NAME","大地撕裂","Tectonic Rift"
"SPELL_QUAKE_T2_MECH","地面裂開,數秒內經過的地面單位被大幅拖慢。","The ground splits open and drags at every grounded unit that crosses it."
"SPELL_QUAKE_T3_NAME","世界崩塌","World Shatter"
"SPELL_QUAKE_T3_MECH","地面單位被震暈,飛行單位被震落地面。","Grounded units are stunned outright, and flyers are shaken out of the air."
"SPELL_FIREWALL_T2_NAME","煉獄之牆","Infernal Wall"
"SPELL_FIREWALL_T2_MECH","火牆會沿著道路向前推進一段距離。","The wall advances along the road instead of standing still."
"SPELL_FIREWALL_T3_NAME","不熄業火","Everburning Pyre"
"SPELL_FIREWALL_T3_MECH","每有敵人死在火牆裡,火牆就燒得更久。","Every enemy that dies in the flames makes them burn longer."
"SPELL_SMITE_T2_NAME","神罰之矛","Spear of Judgement"
"SPELL_SMITE_T2_MECH","對支援型單位(巫師、大祭司)的傷害再大幅提升。","Damage against support casters climbs sharply again."
"SPELL_SMITE_T3_NAME","審判日","Day of Reckoning"
"SPELL_SMITE_T3_MECH","目標死亡時,溢出的傷害轉移到最近的另一個敵人身上。","When the target dies, the overkill jumps to whatever stands nearest."
"SPELL_EMP_T2_NAME","癱瘓脈衝","Paralysis Pulse"
"SPELL_EMP_T2_MECH","暈眩範圍與時間大幅延長,光環封鎖同步加長。","Both the radius and the duration of the silence climb sharply."
"SPELL_EMP_T3_NAME","系統崩潰","Total Blackout"
"SPELL_EMP_T3_MECH","範圍內敵人的增益全被清除,並且一段時間內無法再獲得。","Every buff inside is wiped, and nothing there can be buffed again for a while."
"SPELL_BLACKHOLE_T2_NAME","奇點","Singularity"
"SPELL_BLACKHOLE_T2_MECH","吸力更強,被困住的敵人受到的傷害逐秒遞增。","It pulls harder, and damage on anything trapped climbs the longer it is held."
"SPELL_BLACKHOLE_T3_NAME","事件視界","Event Horizon"
"SPELL_BLACKHOLE_T3_MECH","結束時內爆,把整段時間累積的傷害再打一次。","On collapse it implodes, dealing a share of everything it absorbed all over again."
"CRASH_TITLE","上一次係閃退","Last session crashed"
"CRASH_LEAD","遊戲上次冇正常收場。下面係閃退之前嘅記錄,撳「複製」就可以整段貼出嚟報告。你嘅進度已經儲存,唔會有嘢唔見咗。","The game did not shut down normally last time. Below is what it was doing just before. Tap Copy to paste the whole report into a bug report. Your progress was saved and nothing was lost."
"CRASH_MEMORY","記憶體趨勢","Memory trend"
"CRASH_MEMORY_NONE","今次冇夠採樣點畫趨勢(閃退發生喺開場三十秒內)。","Not enough samples to plot a trend — the crash happened within the first 30 seconds."
"CRASH_MEMORY_RANGE","{first} MB → {last} MB(最高 {peak} MB)","{first} MB → {last} MB (peak {peak} MB)"
"CRASH_COPY","複製報告","Copy report"
"CRASH_COPIED","已複製","Copied"
"CRASH_CONTINUE","繼續遊戲","Continue"
"UPG_SCALE_LEGEND","刻度橫跨三個階級:底色三段分別係第一/二/三階課滿嘅範圍,深色界線就係進化門檻。","The scale spans all three tiers: the three shaded bands are what tier I, II and III reach fully upgraded, and the dark ticks are the evolution thresholds."
"BESTIARY_TAB_MONSTER","怪物","Monsters"
"BESTIARY_TAB_TOWER","塔","Towers"
"BESTIARY_TAB_SPELL","魔法","Spells"
"BESTIARY_EVO_LOCKED","進化後解鎖","Evolve to unlock"
"BESTIARY_NOT_OWNED","未解鎖 —— 喺商店買咗先睇得到數值","Not unlocked — buy it in the shop to see its numbers"
"BESTIARY_GOTO_UPGRADE","撳一下去升級介面","Tap to open its upgrade page"
"BESTIARY_AXES_DONE","升級軸已滿 {done}/{total}","{done}/{total} axes maxed"
"BESTIARY_SHOP_LOCKED","商店解鎖","Buy in the shop"
